/*
 Navicat Premium Data Transfer

 Source Server         : xiye
 Source Server Type    : MySQL
 Source Server Version : 80026
 Source Host           : localhost:3306
 Source Schema         : webusermanage

 Target Server Type    : MySQL
 Target Server Version : 80026
 File Encoding         : 65001

 Date: 23/05/2023 16:11:37
*/

SET NAMES utf8mb4;
SET FOREIGN_KEY_CHECKS = 0;

-- ----------------------------
-- Table structure for book
-- ----------------------------
DROP TABLE IF EXISTS `book`;
CREATE TABLE `book`  (
  `id` bigint NOT NULL,
  `bna` varchar(255) CHARACTER SET utf8mb4 COLLATE utf8mb4_0900_ai_ci NULL DEFAULT NULL,
  `bda` datetime NULL DEFAULT NULL,
  `bpu` varchar(255) CHARACTER SET utf8mb4 COLLATE utf8mb4_0900_ai_ci NULL DEFAULT NULL,
  `bpl` varchar(255) CHARACTER SET utf8mb4 COLLATE utf8mb4_0900_ai_ci NULL DEFAULT NULL,
  `bnu` int NULL DEFAULT NULL,
  `createTime` datetime NULL DEFAULT NULL,
  `updateTime` datetime NULL DEFAULT NULL,
  `version` int NULL DEFAULT NULL,
  `delete` int NULL DEFAULT NULL,
  PRIMARY KEY (`id`) USING BTREE
) ENGINE = InnoDB CHARACTER SET = utf8mb4 COLLATE = utf8mb4_0900_ai_ci ROW_FORMAT = Dynamic;

-- ----------------------------
-- Records of book
-- ----------------------------
INSERT INTO `book` VALUES (1659802357568999425, '《刘陆豪传奇1：平民英雄》', '1978-05-10 08:00:00', '人民文学出版社', 'TT-1900', 96, '2023-05-20 14:04:54', '2023-05-22 19:05:24', 1, 0);
INSERT INTO `book` VALUES (1659802357699022850, '《刘陆豪自传》', '2002-04-28 08:00:00', '东北出版社', 'g%-121', 200, '2023-05-20 14:04:54', '2023-05-20 17:34:10', 1, 1);
INSERT INTO `book` VALUES (1659802357699022851, '《刘陆豪传奇2：机密行动》', '2008-02-19 08:00:00', '人民文学出版社', '0N-141', 19, '2023-05-20 14:04:54', '2023-05-22 18:35:26', 1, 0);
INSERT INTO `book` VALUES (1659802357761937410, '《刘陆豪传奇3：叱诧风云》', '2014-09-21 08:00:00', '人民文学出版社', 'Qv-199', 27, '2023-05-20 14:04:54', '2023-05-22 19:05:25', 1, 0);
INSERT INTO `book` VALUES (1659802357824851969, '《刘陆豪传奇4：黑暗时代》', '2017-09-21 08:00:00', '人民文学出版社', 'yc-144', 23, '2023-05-20 14:04:54', '2023-05-22 18:43:56', 1, 0);
INSERT INTO `book` VALUES (1659802357824851970, '《刘陆豪传奇5：绝境逢生》', '1992-12-31 08:00:00', '华南出版社', 'j-104', 24, '2023-05-20 14:04:54', '2023-05-22 11:12:23', 1, 0);
INSERT INTO `book` VALUES (1659802357887766529, '《刘陆豪传奇6：永远的刘陆豪》', '2006-02-09 08:00:00', '西南出版社', 'hZ-151', 28, '2023-05-20 14:04:54', '2023-05-22 19:05:41', 1, 0);
INSERT INTO `book` VALUES (1659802357887766530, '《开细题空分》', '1973-01-21 08:00:00', '华南出版社', '*-109', 28, '2023-05-20 14:04:54', '2023-05-22 11:12:27', 1, 0);
INSERT INTO `book` VALUES (1659802357887766531, '《傻逼》', '1982-02-22 08:00:00', '华北出版社', 'O-159', 100, '2023-05-20 14:04:54', '2023-05-22 19:04:01', 1, 1);
INSERT INTO `book` VALUES (1659802357950681089, '《认现科多》', '1979-01-20 08:00:00', '西南出版社', 'm-145', 28, '2023-05-20 14:04:54', '2023-05-22 19:05:22', 1, 0);
INSERT INTO `book` VALUES (1659802358013595650, '《美先少专三开》', '2007-02-15 08:00:00', '华北出版社', 'Q-165', 25, '2023-05-20 14:04:54', '2023-05-22 11:12:08', 1, 0);
INSERT INTO `book` VALUES (1659802358013595651, '《准使达器斗王》', '1992-03-04 08:00:00', '华中出版社', 'pg-135', 22, '2023-05-20 14:04:54', '2023-05-22 11:12:24', 1, 0);
INSERT INTO `book` VALUES (1659802358013595652, '《那采十般》', '2018-06-14 08:00:00', '华北出版社', 'w-114', 28, '2023-05-20 14:04:54', '2023-05-22 11:12:24', 1, 0);
INSERT INTO `book` VALUES (1659802358080704514, '《车省较实不》', '1975-12-02 08:00:00', '华东出版社', 'XQ-177', 20, '2023-05-20 14:04:54', '2023-05-20 14:04:54', 1, 0);
INSERT INTO `book` VALUES (1659802358143619073, '《前种较五》', '1985-04-15 08:00:00', '华中出版社', 'fF-150', 29, '2023-05-20 14:04:54', '2023-05-20 14:04:54', 1, 0);
INSERT INTO `book` VALUES (1659802358143619074, '《织型大识革江生》', '1991-07-26 08:00:00', '华南出版社', 'n-127', 22, '2023-05-20 14:04:54', '2023-05-22 11:12:26', 1, 0);
INSERT INTO `book` VALUES (1659802358206533633, '《矿织目实都置立》', '2011-07-17 08:00:00', '华中出版社', 'JO-102', 27, '2023-05-20 14:04:54', '2023-05-20 14:04:54', 1, 0);
INSERT INTO `book` VALUES (1659802358206533634, '《空三始之变些内》', '1986-05-19 08:00:00', '华中出版社', 'M-181', 24, '2023-05-20 14:04:54', '2023-05-20 14:04:54', 1, 0);
INSERT INTO `book` VALUES (1659802358206533635, '《拉设术》', '1978-11-21 08:00:00', '华中出版社', '0-163', 23, '2023-05-20 14:04:55', '2023-05-20 14:04:55', 1, 0);
INSERT INTO `book` VALUES (1659802358273642497, '《立热转圆》', '2003-01-24 08:00:00', '华南出版社', 'T-187', 25, '2023-05-20 14:04:55', '2023-05-22 11:12:25', 1, 0);
INSERT INTO `book` VALUES (1659802358336557058, '《儿场面》', '2000-04-07 08:00:00', '华东出版社', 'Q%-141', 27, '2023-05-20 14:04:55', '2023-05-20 14:04:55', 1, 0);
INSERT INTO `book` VALUES (1659802358336557059, '《准造火资再》', '2010-11-04 08:00:00', '东北出版社', 'V-103', 23, '2023-05-20 14:04:55', '2023-05-22 11:12:25', 1, 0);
INSERT INTO `book` VALUES (1659802358403665921, '《多器值候》', '2006-01-16 08:00:00', '东北出版社', 'D-136', 27, '2023-05-20 14:04:55', '2023-05-20 14:04:55', 1, 0);
INSERT INTO `book` VALUES (1659802358403665922, '《属队火》', '1994-10-20 08:00:00', '华东出版社', 'il-113', 23, '2023-05-20 14:04:55', '2023-05-20 14:04:55', 1, 0);
INSERT INTO `book` VALUES (1659802358470774786, '《治来果红却》', '1988-11-28 08:00:00', '华南出版社', 'a-188', 25, '2023-05-20 14:04:55', '2023-05-20 14:04:55', 1, 0);
INSERT INTO `book` VALUES (1659802358470774787, '《持研好就》', '1970-02-11 08:00:00', '华北出版社', 'gP-146', 26, '2023-05-20 14:04:55', '2023-05-22 10:57:25', 1, 0);
INSERT INTO `book` VALUES (1659802358470774788, '《转应至证器》', '1970-08-09 08:00:00', '华中出版社', '%M-178', 28, '2023-05-20 14:04:55', '2023-05-20 14:04:55', 1, 0);
INSERT INTO `book` VALUES (1659802358537883650, '《科团十身》', '2018-12-21 08:00:00', '华北出版社', 'gj-147', 25, '2023-05-20 14:04:55', '2023-05-20 14:04:55', 1, 0);
INSERT INTO `book` VALUES (1659802358596603905, '《具教连》', '1993-10-09 08:00:00', '华中出版社', 'EM-182', 29, '2023-05-20 14:04:55', '2023-05-22 11:12:08', 1, 0);
INSERT INTO `book` VALUES (1659802358596603906, '《土行按分》', '2004-02-24 08:00:00', '华北出版社', 'j-180', 23, '2023-05-20 14:04:55', '2023-05-22 11:12:25', 1, 0);
INSERT INTO `book` VALUES (1659802358596603907, '《素区角些去》', '2008-11-02 08:00:00', '华南出版社', '@-179', 19, '2023-05-20 14:04:55', '2023-05-22 17:01:17', 1, 0);
INSERT INTO `book` VALUES (1659802358663712770, '《较办则》', '2001-04-06 08:00:00', '西北出版社', 'r-122', 21, '2023-05-20 14:04:55', '2023-05-20 14:04:55', 1, 0);
INSERT INTO `book` VALUES (1659802358726627330, '《界果来维》', '1999-09-01 08:00:00', '华东出版社', 'aW-104', 30, '2023-05-20 14:04:55', '2023-05-20 14:04:55', 1, 0);
INSERT INTO `book` VALUES (1659802358726627331, '《一低义见》', '1978-03-03 08:00:00', '华东出版社', 'fl-145', 27, '2023-05-20 14:04:55', '2023-05-22 18:31:15', 1, 0);
INSERT INTO `book` VALUES (1659802358793736194, '《基特办》', '1970-11-06 08:00:00', '华南出版社', 'U-124', 27, '2023-05-20 14:04:55', '2023-05-22 16:56:34', 1, 0);
INSERT INTO `book` VALUES (1659802358793736195, '《号想长层》', '1979-03-16 08:00:00', '西北出版社', '%-125', 27, '2023-05-20 14:04:55', '2023-05-22 11:12:23', 1, 0);
INSERT INTO `book` VALUES (1659802358856650754, '《毛历积流》', '1976-03-01 08:00:00', '西南出版社', 'E2-146', 25, '2023-05-20 14:04:55', '2023-05-22 11:12:25', 1, 0);
INSERT INTO `book` VALUES (1659802358856650755, '《见消口》', '1974-04-05 08:00:00', '华中出版社', 'o-112', 29, '2023-05-20 14:04:55', '2023-05-20 14:04:55', 1, 0);
INSERT INTO `book` VALUES (1659802358856650756, '《通照争》', '2008-09-11 08:00:00', '华中出版社', '1o-164', 21, '2023-05-20 14:04:55', '2023-05-20 14:04:55', 1, 0);
INSERT INTO `book` VALUES (1659802358923759618, '《行名种》', '2022-05-16 08:00:00', '华北出版社', 'H-107', 21, '2023-05-20 14:04:55', '2023-05-20 14:04:55', 1, 0);
INSERT INTO `book` VALUES (1659802358923759619, '《划争数统下》', '2005-05-12 08:00:00', '华中出版社', 'v-109', 26, '2023-05-20 14:04:55', '2023-05-20 14:04:55', 1, 0);
INSERT INTO `book` VALUES (1659802358990868481, '《院总列门但所》', '2022-06-03 08:00:00', '东北出版社', '5A-184', 25, '2023-05-20 14:04:55', '2023-05-22 10:57:25', 1, 0);
INSERT INTO `book` VALUES (1659802358990868482, '《图安非带》', '2011-08-12 08:00:00', '西南出版社', 'Y-117', 29, '2023-05-20 14:04:55', '2023-05-22 10:57:25', 1, 0);
INSERT INTO `book` VALUES (1659802359057977346, '《更叫众严回义多》', '2000-08-21 08:00:00', '西北出版社', 'Y-106', 25, '2023-05-20 14:04:55', '2023-05-22 11:12:23', 1, 0);
INSERT INTO `book` VALUES (1659802359057977347, '《技计广容》', '2006-10-08 08:00:00', '华中出版社', 'j-188', 21, '2023-05-20 14:04:55', '2023-05-22 11:12:08', 1, 0);
INSERT INTO `book` VALUES (1659802359057977348, '《法每满积进》', '1991-10-29 08:00:00', '华北出版社', 't-142', 20, '2023-05-20 14:04:55', '2023-05-22 11:12:27', 1, 0);
INSERT INTO `book` VALUES (1659802359120891906, '《部须单战形》', '1994-04-20 08:00:00', '西南出版社', '&X-169', 23, '2023-05-20 14:04:55', '2023-05-22 11:12:24', 1, 0);
INSERT INTO `book` VALUES (1659802359120891907, '《由过打们理响》', '2018-02-07 08:00:00', '华中出版社', 'O-169', 26, '2023-05-20 14:04:55', '2023-05-22 16:59:00', 1, 0);
INSERT INTO `book` VALUES (1659802359183806465, '《办才权清》', '1971-01-01 08:00:00', '华中出版社', 'Cc-148', 20, '2023-05-20 14:04:55', '2023-05-20 14:04:55', 1, 0);
INSERT INTO `book` VALUES (1659802359183806466, '《同都明区林》', '2022-12-25 08:00:00', '华东出版社', 'mj-121', 21, '2023-05-20 14:04:55', '2023-05-22 18:31:05', 1, 0);
INSERT INTO `book` VALUES (1659802359250915330, '《能采革长参门决》', '1975-10-14 08:00:00', '华北出版社', 'M-142', 21, '2023-05-20 14:04:55', '2023-05-20 14:04:55', 1, 0);
INSERT INTO `book` VALUES (1659802359250915331, '《火复相》', '2021-03-22 08:00:00', '西南出版社', '#-115', 25, '2023-05-20 14:04:55', '2023-05-22 10:57:25', 1, 0);
INSERT INTO `book` VALUES (1659802359250915332, '《联器阶况真》', '1983-09-29 08:00:00', '华南出版社', 'a-143', 21, '2023-05-20 14:04:55', '2023-05-20 14:04:55', 1, 0);
INSERT INTO `book` VALUES (1659802359318024194, '《合低及大调连》', '2009-10-02 08:00:00', '华东出版社', 'B-118', 25, '2023-05-20 14:04:55', '2023-05-20 14:04:55', 1, 0);
INSERT INTO `book` VALUES (1659802359318024195, '《量飞间性生》', '2015-11-16 08:00:00', '西南出版社', 'W-182', 22, '2023-05-20 14:04:55', '2023-05-20 14:04:55', 1, 0);
INSERT INTO `book` VALUES (1659802359385133058, '《身究派住置类》', '1981-04-17 08:00:00', '华南出版社', 'F-166', 19, '2023-05-20 14:04:55', '2023-05-22 11:12:26', 1, 0);
INSERT INTO `book` VALUES (1659802359385133059, '《习段式候》', '2020-02-21 08:00:00', '西南出版社', '6U-182', 27, '2023-05-20 14:04:55', '2023-05-22 11:12:24', 1, 0);
INSERT INTO `book` VALUES (1659802359452241922, '《及养管技风但》', '1980-05-28 08:00:00', '华南出版社', '(n-137', 21, '2023-05-20 14:04:55', '2023-05-20 14:04:55', 1, 0);
INSERT INTO `book` VALUES (1659802359452241923, '《计道运个快》', '2008-06-16 08:00:00', '西南出版社', 'l-167', 27, '2023-05-20 14:04:55', '2023-05-20 14:04:55', 1, 0);
INSERT INTO `book` VALUES (1659802359515156481, '《分始酸大调而这》', '1992-11-21 08:00:00', '华东出版社', '^X-158', 25, '2023-05-20 14:04:55', '2023-05-20 14:04:55', 1, 0);
INSERT INTO `book` VALUES (1659802359515156482, '《解太受需》', '1973-08-23 08:00:00', '华中出版社', 'K@-140', 20, '2023-05-20 14:04:55', '2023-05-20 14:04:55', 1, 0);
INSERT INTO `book` VALUES (1659802359515156483, '《习战保员》', '2001-09-28 08:00:00', '华南出版社', 'h-106', 27, '2023-05-20 14:04:55', '2023-05-22 11:12:24', 1, 0);
INSERT INTO `book` VALUES (1659802359582265346, '《利族属共本》', '2001-07-04 08:00:00', '西南出版社', 'P-135', 21, '2023-05-20 14:04:55', '2023-05-20 14:04:55', 1, 0);
INSERT INTO `book` VALUES (1659802359582265347, '《青品等年心且》', '2023-03-27 08:00:00', '华中出版社', '()-190', 26, '2023-05-20 14:04:55', '2023-05-22 16:52:24', 1, 0);
INSERT INTO `book` VALUES (1659802359645179905, '《感先我》', '2019-03-07 08:00:00', '西北出版社', '@g-100', 25, '2023-05-20 14:04:55', '2023-05-20 14:04:55', 1, 0);
INSERT INTO `book` VALUES (1659802359645179906, '《多根装海》', '1993-08-21 08:00:00', '华中出版社', 'V-168', 29, '2023-05-20 14:04:55', '2023-05-22 10:57:25', 1, 0);
INSERT INTO `book` VALUES (1659802359708094465, '《层且克》', '2007-02-21 08:00:00', '华北出版社', 'oR-106', 24, '2023-05-20 14:04:55', '2023-05-22 10:57:25', 1, 0);
INSERT INTO `book` VALUES (1659802359708094466, '《际记边》', '1980-03-19 08:00:00', '华中出版社', 'f-169', 28, '2023-05-20 14:04:55', '2023-05-20 14:04:55', 1, 0);
INSERT INTO `book` VALUES (1659802359775203329, '《始形局收音观》', '2004-05-23 08:00:00', '东北出版社', '9-145', 22, '2023-05-20 14:04:55', '2023-05-20 14:04:55', 1, 0);
INSERT INTO `book` VALUES (1659802359775203330, '《之七联强》', '1991-06-22 08:00:00', '东北出版社', 'qX-133', 22, '2023-05-20 14:04:55', '2023-05-20 14:04:55', 1, 0);
INSERT INTO `book` VALUES (1659802359775203331, '《种世老反越》', '1999-04-05 08:00:00', '华南出版社', '@X-191', 27, '2023-05-20 14:04:55', '2023-05-22 11:12:27', 1, 0);
INSERT INTO `book` VALUES (1659802359842312193, '《会度经整》', '2007-10-16 08:00:00', '华南出版社', '@-158', 18, '2023-05-20 14:04:55', '2023-05-22 11:12:27', 1, 0);
INSERT INTO `book` VALUES (1659802359842312194, '《些提精》', '2017-08-28 08:00:00', '华中出版社', 'J-113', 28, '2023-05-20 14:04:55', '2023-05-22 11:12:27', 1, 0);
INSERT INTO `book` VALUES (1659802359905226754, '《院安这每对》', '2001-05-16 08:00:00', '华东出版社', 'F-110', 23, '2023-05-20 14:04:55', '2023-05-20 14:04:55', 1, 0);
INSERT INTO `book` VALUES (1659802359905226755, '《增斯手》', '1973-11-25 08:00:00', '华中出版社', 'h-166', 27, '2023-05-20 14:04:55', '2023-05-20 14:04:55', 1, 0);
INSERT INTO `book` VALUES (1659802359972335618, '《定装精般例计》', '1988-10-16 08:00:00', '华北出版社', 'k-190', 21, '2023-05-20 14:04:55', '2023-05-22 11:12:26', 1, 0);
INSERT INTO `book` VALUES (1659802359972335619, '《示就利三号》', '2002-05-26 08:00:00', '华东出版社', 'bD-106', 25, '2023-05-20 14:04:55', '2023-05-22 11:12:27', 1, 0);
INSERT INTO `book` VALUES (1659802360035250178, '《产事具七事眼积》', '1970-10-27 08:00:00', '华中出版社', '@7-166', 25, '2023-05-20 14:04:55', '2023-05-20 14:04:55', 1, 0);
INSERT INTO `book` VALUES (1659802360035250179, '《场出连》', '1980-05-20 08:00:00', '西南出版社', 'm-136', 25, '2023-05-20 14:04:55', '2023-05-22 11:12:27', 1, 0);
INSERT INTO `book` VALUES (1659802360102359041, '《关写山物以调》', '2014-08-06 08:00:00', '西北出版社', 'U-105', 26, '2023-05-20 14:04:55', '2023-05-22 11:12:26', 1, 0);
INSERT INTO `book` VALUES (1659802360102359042, '《你联速》', '1972-03-21 08:00:00', '东北出版社', 'zu-148', 25, '2023-05-20 14:04:55', '2023-05-22 11:12:08', 1, 0);
INSERT INTO `book` VALUES (1659802360102359043, '《化思资维》', '2015-09-11 08:00:00', '华中出版社', '*-101', 26, '2023-05-20 14:04:55', '2023-05-22 11:12:24', 1, 0);
INSERT INTO `book` VALUES (1659802360165273601, '《器解法如但该住》', '2014-05-29 08:00:00', '西南出版社', '&-136', 27, '2023-05-20 14:04:55', '2023-05-22 11:12:08', 1, 0);
INSERT INTO `book` VALUES (1659802360165273602, '《即许权给》', '1997-07-09 08:00:00', '华北出版社', 'h)-196', 22, '2023-05-20 14:04:55', '2023-05-22 11:12:25', 1, 0);
INSERT INTO `book` VALUES (1659802360232382466, '《天传步回你周》', '2018-11-19 08:00:00', '华南出版社', '5g-160', 23, '2023-05-20 14:04:55', '2023-05-20 14:04:55', 1, 0);
INSERT INTO `book` VALUES (1659802360232382467, '《单多力具角就》', '2012-02-19 08:00:00', '华中出版社', 'b-164', 28, '2023-05-20 14:04:55', '2023-05-20 14:04:55', 1, 0);
INSERT INTO `book` VALUES (1659802360295297026, '《用不志须分专》', '2019-07-30 08:00:00', '西南出版社', 'l-115', 27, '2023-05-20 14:04:55', '2023-05-20 14:04:55', 1, 0);
INSERT INTO `book` VALUES (1659802360295297027, '《切明不王步酸》', '1995-01-01 08:00:00', '华中出版社', 'l-136', 25, '2023-05-20 14:04:55', '2023-05-22 10:57:25', 1, 0);
INSERT INTO `book` VALUES (1659802360362405890, '《代照美》', '1972-12-20 08:00:00', '华东出版社', 'o^-141', 20, '2023-05-20 14:04:55', '2023-05-22 11:12:26', 1, 0);
INSERT INTO `book` VALUES (1659802360362405891, '《层务东》', '2004-08-21 08:00:00', '华东出版社', 'e-107', 21, '2023-05-20 14:04:55', '2023-05-20 14:04:55', 1, 0);
INSERT INTO `book` VALUES (1659802360425320449, '《积新平提完求》', '1971-11-11 08:00:00', '华中出版社', '$g-100', 29, '2023-05-20 14:04:55', '2023-05-20 14:04:55', 1, 0);
INSERT INTO `book` VALUES (1659802360425320450, '《府拉精交》', '2007-05-26 08:00:00', '华北出版社', 'd$-155', 27, '2023-05-20 14:04:55', '2023-05-22 11:12:27', 1, 0);
INSERT INTO `book` VALUES (1659802360488235009, '《铁业点现》', '1976-08-07 08:00:00', '西南出版社', 's-139', 25, '2023-05-20 14:04:55', '2023-05-22 11:12:25', 1, 0);
INSERT INTO `book` VALUES (1659802360488235010, '《毛生己复》', '2006-01-17 08:00:00', '西北出版社', 'MB-179', 27, '2023-05-20 14:04:55', '2023-05-20 14:04:55', 1, 0);
INSERT INTO `book` VALUES (1659802360555343873, '《出色包内口》', '2014-07-13 08:00:00', '华北出版社', 'M*-173', 29, '2023-05-20 14:04:55', '2023-05-20 14:04:55', 1, 0);
INSERT INTO `book` VALUES (1659802360618258434, '《特被内》', '2023-02-28 08:00:00', '西南出版社', 'HH-168', 21, '2023-05-20 14:04:55', '2023-05-22 11:12:23', 1, 0);
INSERT INTO `book` VALUES (1659802360681172994, '《国求列》', '2015-09-30 08:00:00', '西南出版社', 'bg-152', 22, '2023-05-20 14:04:55', '2023-05-20 14:04:55', 1, 0);
INSERT INTO `book` VALUES (1659802360748281857, '《族音发》', '2001-03-06 08:00:00', '华中出版社', '&-153', 20, '2023-05-20 14:04:55', '2023-05-22 16:50:29', 1, 0);
INSERT INTO `book` VALUES (1659802360748281858, '《按世带斗为构》', '2011-05-04 08:00:00', '华东出版社', 'Go-126', 26, '2023-05-20 14:04:55', '2023-05-20 14:04:55', 1, 0);
INSERT INTO `book` VALUES (1659802360815390722, '《被必育别》', '1974-05-21 08:00:00', '华中出版社', 'Q-132', 22, '2023-05-20 14:04:55', '2023-05-20 14:04:55', 1, 0);
INSERT INTO `book` VALUES (1660189578058813441, '《残阳与你皆流逝》', NULL, NULL, 'TT-3200', 5, '2023-05-21 15:43:35', '2023-05-21 15:43:35', 1, 1);
INSERT INTO `book` VALUES (1660189978845532161, '《残阳与你皆流逝》', NULL, NULL, 'TT-3200', 13, '2023-05-21 15:45:10', '2023-05-21 15:45:10', 1, 1);
INSERT INTO `book` VALUES (1660190170458116097, '《残阳与你皆流逝》', NULL, NULL, 'TT-1900', 99, '2023-05-21 15:45:56', '2023-05-21 15:45:56', 1, 1);
INSERT INTO `book` VALUES (1660190392949166081, '《残阳与你皆流逝》', NULL, NULL, 'TT-1900', 90, '2023-05-21 15:46:49', '2023-05-21 15:46:49', 1, 1);
INSERT INTO `book` VALUES (1660190630598430721, '《残阳与你皆流逝》', NULL, NULL, 'TT-1900', 1, '2023-05-21 15:47:46', '2023-05-21 15:47:46', 1, 1);
INSERT INTO `book` VALUES (1660190737796452354, '《刘陆豪自传》', NULL, NULL, 'TT-1900', 90, '2023-05-21 15:48:11', '2023-05-21 15:48:11', 1, 1);
INSERT INTO `book` VALUES (1660190894420152322, '《刘陆豪自传》', NULL, NULL, '11', 1, '2023-05-21 15:48:49', '2023-05-21 15:48:49', 1, 1);
INSERT INTO `book` VALUES (1660602499695988738, '《傻逼儿子》', NULL, '人民文学出版社', 'TT-3200', 100, '2023-05-22 19:04:23', '2023-05-22 19:04:23', 1, 0);

-- ----------------------------
-- Table structure for borrowing
-- ----------------------------
DROP TABLE IF EXISTS `borrowing`;
CREATE TABLE `borrowing`  (
  `id` bigint NOT NULL,
  `sno` varchar(255) CHARACTER SET utf8mb4 COLLATE utf8mb4_0900_ai_ci NULL DEFAULT NULL COMMENT '借卡号',
  `bno` bigint NULL DEFAULT NULL,
  `expire` date NULL DEFAULT NULL COMMENT '过期时间',
  `createTime` datetime NULL DEFAULT NULL,
  `updateTime` datetime NULL DEFAULT NULL,
  `version` int NULL DEFAULT NULL,
  `delete` int NULL DEFAULT NULL,
  PRIMARY KEY (`id`) USING BTREE
) ENGINE = InnoDB CHARACTER SET = utf8mb4 COLLATE = utf8mb4_0900_ai_ci ROW_FORMAT = Dynamic;

-- ----------------------------
-- Records of borrowing
-- ----------------------------
INSERT INTO `borrowing` VALUES (1660479948265095169, '9212', 1659802359775203331, '2023-06-21', '2023-05-22 10:57:25', '2023-05-22 10:57:25', 1, 0);
INSERT INTO `borrowing` VALUES (1660479948407701506, '9996', 1659802359708094465, '2023-06-21', '2023-05-22 10:57:25', '2023-05-22 10:57:25', 1, 0);
INSERT INTO `borrowing` VALUES (1660479948474810370, '8770', 1659802358990868481, '2023-06-21', '2023-05-22 10:57:25', '2023-05-22 10:57:25', 1, 0);
INSERT INTO `borrowing` VALUES (1660479948676136962, '6911', 1659802358470774787, '2023-06-21', '2023-05-22 10:57:25', '2023-05-22 10:57:25', 1, 0);
INSERT INTO `borrowing` VALUES (1660479948810354689, '1771', 1659802359645179906, '2023-06-21', '2023-05-22 10:57:25', '2023-05-22 10:57:25', 1, 0);
INSERT INTO `borrowing` VALUES (1660479948877463554, '9070', 1659802358793736194, '2023-06-21', '2023-05-22 10:57:25', '2023-05-22 10:57:25', 1, 0);
INSERT INTO `borrowing` VALUES (1660479949032652802, '0791', 1659802360295297027, '2023-06-21', '2023-05-22 10:57:25', '2023-05-22 10:57:25', 1, 0);
INSERT INTO `borrowing` VALUES (1660479949137510402, '0247', 1659802360748281857, '2023-06-21', '2023-05-22 10:57:25', '2023-05-22 10:57:25', 1, 1);
INSERT INTO `borrowing` VALUES (1660479949200424961, '9286', 1659802359250915331, '2023-06-21', '2023-05-22 10:57:25', '2023-05-22 10:57:25', 1, 0);
INSERT INTO `borrowing` VALUES (1660479949326254082, '0635', 1659802358990868482, '2023-06-21', '2023-05-22 10:57:25', '2023-05-22 10:57:25', 1, 0);
INSERT INTO `borrowing` VALUES (1660483653181898753, '1771', 1659802357699022851, '2023-06-21', '2023-05-22 11:12:08', '2023-05-22 11:12:08', 1, 0);
INSERT INTO `borrowing` VALUES (1660483653316116482, '7638', 1659802358013595650, '2023-06-21', '2023-05-22 11:12:08', '2023-05-22 11:12:08', 1, 0);
INSERT INTO `borrowing` VALUES (1660483653383225346, '9996', 1659802360102359042, '2023-06-21', '2023-05-22 11:12:08', '2023-05-22 11:12:08', 1, 0);
INSERT INTO `borrowing` VALUES (1660483653517443074, '0247', 1659802358726627331, '2023-04-21', '2023-03-22 11:12:08', '2023-05-22 11:12:08', 1, 1);
INSERT INTO `borrowing` VALUES (1660483653584551937, '4490', 1659802360362405890, '2023-06-21', '2023-05-22 11:12:08', '2023-05-22 11:12:08', 1, 0);
INSERT INTO `borrowing` VALUES (1660483653651660802, '0635', 1659802358856650754, '2023-06-21', '2023-05-22 11:12:08', '2023-05-22 11:12:08', 1, 0);
INSERT INTO `borrowing` VALUES (1660483653781684225, '3238', 1659802360165273601, '2023-06-21', '2023-05-22 11:12:08', '2023-05-22 11:12:08', 1, 0);
INSERT INTO `borrowing` VALUES (1660483653844598785, '8994', 1659802358596603906, '2023-06-21', '2023-05-22 11:12:08', '2023-05-22 11:12:08', 1, 0);
INSERT INTO `borrowing` VALUES (1660483653974622209, '0791', 1659802358596603905, '2023-06-21', '2023-05-22 11:12:08', '2023-05-22 11:12:08', 1, 0);
INSERT INTO `borrowing` VALUES (1660483654041731074, '0237', 1659802359057977347, '2023-06-21', '2023-05-22 11:12:08', '2023-05-22 11:12:08', 1, 0);
INSERT INTO `borrowing` VALUES (1660483715895132162, '8399', 1659802358793736195, '2023-06-21', '2023-05-22 11:12:23', '2023-05-22 11:12:23', 1, 0);
INSERT INTO `borrowing` VALUES (1660483715962241026, '4490', 1659802359057977346, '2023-06-21', '2023-05-22 11:12:23', '2023-05-22 11:12:23', 1, 0);
INSERT INTO `borrowing` VALUES (1660483716092264450, '1351', 1659802358143619074, '2023-06-21', '2023-05-22 11:12:23', '2023-05-22 11:12:23', 1, 0);
INSERT INTO `borrowing` VALUES (1660483716293591041, '4620', 1659802359385133058, '2023-06-21', '2023-05-22 11:12:23', '2023-05-22 11:12:23', 1, 0);
INSERT INTO `borrowing` VALUES (1660483716620746754, '9297', 1659802357824851970, '2023-06-21', '2023-05-22 11:12:23', '2023-05-22 11:12:23', 1, 0);
INSERT INTO `borrowing` VALUES (1660483716876599298, '0791', 1659802359972335618, '2023-06-21', '2023-05-22 11:12:23', '2023-05-22 11:12:23', 1, 0);
INSERT INTO `borrowing` VALUES (1660483716943708162, '0006', 1659802358596603906, '2023-06-21', '2023-05-22 11:12:23', '2023-05-22 11:12:23', 1, 0);
INSERT INTO `borrowing` VALUES (1660483717010817026, '0247', 1659802359183806466, '2023-06-21', '2023-05-22 11:12:23', '2023-05-22 11:12:23', 1, 1);
INSERT INTO `borrowing` VALUES (1660483717077925889, '6906', 1659802360618258434, '2023-06-21', '2023-05-22 11:12:23', '2023-05-22 11:12:23', 1, 0);
INSERT INTO `borrowing` VALUES (1660483717212143618, '0635', 1659802358793736194, '2023-06-21', '2023-05-22 11:12:23', '2023-05-22 11:12:23', 1, 0);
INSERT INTO `borrowing` VALUES (1660483720697610241, '9286', 1659802358013595652, '2023-06-21', '2023-05-22 11:12:24', '2023-05-22 11:12:24', 1, 0);
INSERT INTO `borrowing` VALUES (1660483720764719106, '0247', 1659802358596603907, '2023-06-21', '2023-05-22 11:12:24', '2023-05-22 11:12:24', 1, 1);
INSERT INTO `borrowing` VALUES (1660483720898936833, '4620', 1659802357887766529, '2023-06-21', '2023-05-22 11:12:24', '2023-05-22 11:12:24', 1, 0);
INSERT INTO `borrowing` VALUES (1660483720961851393, '9297', 1659802359120891906, '2023-06-21', '2023-05-22 11:12:24', '2023-05-22 11:12:24', 1, 0);
INSERT INTO `borrowing` VALUES (1660483721091874817, '8994', 1659802360102359043, '2023-06-21', '2023-05-22 11:12:24', '2023-05-22 11:12:24', 1, 0);
INSERT INTO `borrowing` VALUES (1660483721158983681, '4565', 1659802359385133059, '2023-06-21', '2023-05-22 11:12:24', '2023-05-22 11:12:24', 1, 0);
INSERT INTO `borrowing` VALUES (1660483721226092546, '0635', 1659802358013595651, '2023-06-21', '2023-05-22 11:12:24', '2023-05-22 11:12:24', 1, 0);
INSERT INTO `borrowing` VALUES (1660483721289007106, '1351', 1659802357761937410, '2023-06-21', '2023-05-22 11:12:24', '2023-05-22 11:12:24', 1, 0);
INSERT INTO `borrowing` VALUES (1660483721423224833, '6383', 1659802359515156483, '2023-06-21', '2023-05-22 11:12:24', '2023-05-22 11:12:24', 1, 0);
INSERT INTO `borrowing` VALUES (1660483721486139394, '2074', 1659802359972335618, '2023-06-21', '2023-05-22 11:12:24', '2023-05-22 11:12:24', 1, 0);
INSERT INTO `borrowing` VALUES (1660483724094996481, '1351', 1659802357824851969, '2023-06-21', '2023-05-22 11:12:25', '2023-05-22 11:12:25', 1, 0);
INSERT INTO `borrowing` VALUES (1660483724229214209, '9286', 1659802360488235009, '2023-06-21', '2023-05-22 11:12:25', '2023-05-22 11:12:25', 1, 0);
INSERT INTO `borrowing` VALUES (1660483724296323073, '9212', 1659802358273642497, '2023-06-21', '2023-05-22 11:12:25', '2023-05-22 11:12:25', 1, 0);
INSERT INTO `borrowing` VALUES (1660483724363431937, '4490', 1659802359842312193, '2023-06-21', '2023-05-22 11:12:25', '2023-05-22 11:12:25', 1, 0);
INSERT INTO `borrowing` VALUES (1660483724493455361, '9297', 1659802358596603906, '2023-06-21', '2023-05-22 11:12:25', '2023-05-22 11:12:25', 1, 0);
INSERT INTO `borrowing` VALUES (1660483724560564226, '7482', 1659802360165273602, '2023-06-21', '2023-05-22 11:12:25', '2023-05-22 11:12:25', 1, 0);
INSERT INTO `borrowing` VALUES (1660483724627673089, '6717', 1659802360425320450, '2023-06-21', '2023-05-22 11:12:25', '2023-05-22 11:12:25', 1, 0);
INSERT INTO `borrowing` VALUES (1660483724753502210, '9543', 1659802358336557059, '2023-06-21', '2023-05-22 11:12:25', '2023-05-22 11:12:25', 1, 0);
INSERT INTO `borrowing` VALUES (1660483724816416770, '0247', 1659802359120891907, '2023-06-21', '2023-05-22 11:12:25', '2023-05-22 11:12:25', 1, 1);
INSERT INTO `borrowing` VALUES (1660483724883525633, '5633', 1659802358856650754, '2023-06-21', '2023-05-22 11:12:25', '2023-05-22 11:12:25', 1, 0);
INSERT INTO `borrowing` VALUES (1660483728629039106, '8994', 1659802359183806466, '2023-06-21', '2023-05-22 11:12:26', '2023-05-22 11:12:26', 1, 0);
INSERT INTO `borrowing` VALUES (1660483728696147970, '0433', 1659802357568999425, '2023-06-21', '2023-05-22 11:12:26', '2023-05-22 11:12:26', 1, 0);
INSERT INTO `borrowing` VALUES (1660483728830365698, '4620', 1659802359972335618, '2023-06-21', '2023-05-22 11:12:26', '2023-05-22 11:12:26', 1, 0);
INSERT INTO `borrowing` VALUES (1660483728960389122, '6717', 1659802359842312194, '2023-06-21', '2023-05-22 11:12:26', '2023-05-22 11:12:26', 1, 0);
INSERT INTO `borrowing` VALUES (1660483729023303682, '3238', 1659802357761937410, '2023-06-21', '2023-05-22 11:12:26', '2023-05-22 11:12:26', 1, 0);
INSERT INTO `borrowing` VALUES (1660483729090412546, '0247', 1659802358793736194, '2023-06-21', '2023-05-22 11:12:26', '2023-05-22 11:12:26', 1, 1);
INSERT INTO `borrowing` VALUES (1660483729220435970, '2074', 1659802358143619074, '2023-06-21', '2023-05-22 11:12:26', '2023-05-22 11:12:26', 1, 0);
INSERT INTO `borrowing` VALUES (1660483729287544833, '3555', 1659802360102359041, '2023-06-21', '2023-05-22 11:12:26', '2023-05-22 11:12:26', 1, 0);
INSERT INTO `borrowing` VALUES (1660483729354653697, '0237', 1659802360362405890, '2023-06-21', '2023-05-22 11:12:26', '2023-05-22 11:12:26', 1, 0);
INSERT INTO `borrowing` VALUES (1660483729421762561, '1771', 1659802359385133058, '2023-06-21', '2023-05-22 11:12:26', '2023-05-22 11:12:26', 1, 0);
INSERT INTO `borrowing` VALUES (1660483731271450626, '0247', 1659802359582265347, '2023-06-21', '2023-05-22 11:12:26', '2023-05-22 11:12:26', 1, 1);
INSERT INTO `borrowing` VALUES (1660483731401474049, '4565', 1659802360425320450, '2023-06-21', '2023-05-22 11:12:27', '2023-05-22 11:12:27', 1, 0);
INSERT INTO `borrowing` VALUES (1660483731464388609, '3555', 1659802359842312193, '2023-06-21', '2023-05-22 11:12:27', '2023-05-22 11:12:27', 1, 0);
INSERT INTO `borrowing` VALUES (1660483731531497474, '9212', 1659802359775203331, '2023-06-21', '2023-05-22 11:12:27', '2023-05-22 11:12:27', 1, 0);
INSERT INTO `borrowing` VALUES (1660483731661520897, '9297', 1659802358596603907, '2023-06-21', '2023-05-22 11:12:27', '2023-05-22 11:12:27', 1, 0);
INSERT INTO `borrowing` VALUES (1660483731795738625, '1351', 1659802359057977348, '2023-06-21', '2023-05-22 11:12:27', '2023-05-22 11:12:27', 1, 0);
INSERT INTO `borrowing` VALUES (1660483731929956353, '6906', 1659802360035250179, '2023-06-21', '2023-05-22 11:12:27', '2023-05-22 11:12:27', 1, 0);
INSERT INTO `borrowing` VALUES (1660483731997065218, '6911', 1659802357887766530, '2023-06-21', '2023-05-22 11:12:27', '2023-05-22 11:12:27', 1, 0);
INSERT INTO `borrowing` VALUES (1660483732131282945, '9454', 1659802359972335619, '2023-06-21', '2023-05-22 11:12:27', '2023-05-22 11:12:27', 1, 0);
INSERT INTO `borrowing` VALUES (1660483732198391809, '8230', 1659802359842312194, '2023-06-21', '2023-05-22 11:12:27', '2023-05-22 11:12:27', 1, 0);
INSERT INTO `borrowing` VALUES (1660595102835396610, '0247', 1659802357568999425, '2023-06-21', '2023-05-22 18:40:23', '2023-05-22 18:40:28', 1, 1);
INSERT INTO `borrowing` VALUES (1660595217440559105, '0247', 1659802357699022851, '2023-06-21', '2023-05-22 18:40:25', '2023-05-22 18:40:30', 1, 0);
INSERT INTO `borrowing` VALUES (1660596587182772226, '0247', 1659802357761937410, '2023-06-21', '2023-05-22 18:41:28', '2023-05-22 18:41:29', 1, 1);
INSERT INTO `borrowing` VALUES (1660597357110185986, '0247', 1659802357824851969, '2023-06-21', '2023-05-22 18:43:57', '2023-05-22 18:43:57', 1, 0);
INSERT INTO `borrowing` VALUES (1660599508398067714, '0247', 1659802357568999425, '2023-06-21', '2023-05-22 18:52:30', '2023-05-22 18:52:30', 1, 1);
INSERT INTO `borrowing` VALUES (1660599517222883330, '0247', 1659802357568999425, '2023-06-21', '2023-05-22 18:52:32', '2023-05-22 18:52:32', 1, 1);
INSERT INTO `borrowing` VALUES (1660602748690845698, '0247', 1659802357950681089, '2023-06-21', '2023-05-22 19:05:22', '2023-05-22 19:05:22', 1, 0);
INSERT INTO `borrowing` VALUES (1660602826784591874, '0247', 1659802357887766529, '2023-06-21', '2023-05-22 19:05:41', '2023-05-22 19:05:41', 1, 0);

-- ----------------------------
-- Table structure for card
-- ----------------------------
DROP TABLE IF EXISTS `card`;
CREATE TABLE `card`  (
  `sno` varchar(255) CHARACTER SET utf8mb4 COLLATE utf8mb4_0900_ai_ci NOT NULL COMMENT '就是sno',
  `sna` varchar(255) CHARACTER SET utf8mb4 COLLATE utf8mb4_0900_ai_ci NULL DEFAULT NULL COMMENT '学生姓名',
  `level` int NULL DEFAULT NULL COMMENT '办卡等级，0为普通用户，1为vip',
  `sde` varchar(255) CHARACTER SET utf8mb4 COLLATE utf8mb4_0900_ai_ci NULL DEFAULT NULL,
  `ssp` varchar(255) CHARACTER SET utf8mb4 COLLATE utf8mb4_0900_ai_ci NULL DEFAULT NULL,
  `sup` int NULL DEFAULT NULL,
  `createTime` datetime NULL DEFAULT NULL,
  `updateTime` datetime NULL DEFAULT NULL,
  `version` int NULL DEFAULT NULL,
  `delete` int NULL DEFAULT NULL,
  `now` int NULL DEFAULT 0 COMMENT '现在借了几本书',
  PRIMARY KEY (`sno`) USING BTREE
) ENGINE = InnoDB CHARACTER SET = utf8mb4 COLLATE = utf8mb4_0900_ai_ci ROW_FORMAT = Dynamic;

-- ----------------------------
-- Records of card
-- ----------------------------
INSERT INTO `card` VALUES ('0006', '蒋伟', 0, '人工智能与计算机', '数字媒体技术', 10, '2023-05-21 22:11:34', '2023-05-22 19:04:40', 1, 0, 1);
INSERT INTO `card` VALUES ('0237', '余丽', 0, '人工智能与计算机', '人工智能', 10, '2023-05-22 11:02:38', '2023-05-22 11:12:26', 1, 0, 2);
INSERT INTO `card` VALUES ('0247', '袁伟', 0, '人工智能与计算机', '计算机科学与技术', 20, '2023-05-21 18:55:04', '2023-05-22 19:05:41', 1, 0, 4);
INSERT INTO `card` VALUES ('0433', '段娜', 0, '人工智能与计算机', '计算机科学与技术', 10, '2023-05-21 18:56:57', '2023-05-22 11:12:26', 1, 0, 1);
INSERT INTO `card` VALUES ('0635', '谢丽', 0, '人工智能与计算机', '计算机科学与技术', 20, '2023-05-21 18:56:57', '2023-05-22 11:12:24', 1, 0, 2);
INSERT INTO `card` VALUES ('0791', '赖秀兰', 0, '人工智能与计算机', '人工智能', 10, '2023-05-21 18:55:04', '2023-05-22 11:12:23', 1, 0, 3);
INSERT INTO `card` VALUES ('1047', '潘敏', 0, '人工智能与计算机', '数字媒体技术', 10, '2023-05-21 18:56:57', '2023-05-21 18:56:57', 1, 1, 0);
INSERT INTO `card` VALUES ('1351', '黄军', 0, '人工智能与计算机', '计算机科学与技术', 10, '2023-05-21 18:56:57', '2023-05-22 11:12:27', 1, 0, 4);
INSERT INTO `card` VALUES ('1771', '蒋平', 0, '人工智能与计算机', '人工智能', 20, '2023-05-21 18:55:04', '2023-05-22 11:12:26', 1, 0, 3);
INSERT INTO `card` VALUES ('1968', '蒋涛', 0, '人工智能与计算机', '数字媒体技术', 10, '2023-05-21 22:11:22', '2023-05-21 22:11:22', 1, 0, 0);
INSERT INTO `card` VALUES ('2074', '阎伟', 0, '人工智能与计算机', '人工智能', 10, '2023-05-22 11:02:38', '2023-05-22 11:12:26', 1, 0, 2);
INSERT INTO `card` VALUES ('2243', '黄明', 1, '人工智能与计算机', '计算机科学与技术', 20, '2023-05-21 18:56:57', '2023-05-21 19:54:53', 1, 0, 0);
INSERT INTO `card` VALUES ('3238', '宋磊', 0, '人工智能与计算机', '数字媒体技术', 10, '2023-05-22 11:02:38', '2023-05-22 11:12:26', 1, 0, 2);
INSERT INTO `card` VALUES ('3555', '汪秀兰', 0, '人工智能与计算机', '计算机科学与技术', 10, '2023-05-21 18:56:57', '2023-05-22 11:12:27', 1, 0, 2);
INSERT INTO `card` VALUES ('4490', '何娟', 0, '人工智能与计算机', '数字媒体技术', 10, '2023-05-21 18:55:04', '2023-05-22 11:12:25', 1, 0, 3);
INSERT INTO `card` VALUES ('4565', '潘丽', 0, '人工智能与计算机', '数字媒体技术', 10, '2023-05-22 11:02:38', '2023-05-22 11:12:27', 1, 0, 2);
INSERT INTO `card` VALUES ('4620', '石秀兰', 0, '人工智能与计算机', '人工智能', 10, '2023-05-21 18:56:57', '2023-05-22 11:12:26', 1, 0, 3);
INSERT INTO `card` VALUES ('5633', '崔静', 0, '人工智能与计算机', '数字媒体技术', 10, '2023-05-21 18:56:57', '2023-05-22 11:12:25', 1, 0, 1);
INSERT INTO `card` VALUES ('6383', '郑娜', 0, '人工智能与计算机', '数字媒体技术', 10, '2023-05-21 22:12:52', '2023-05-22 11:12:24', 1, 0, 1);
INSERT INTO `card` VALUES ('6717', '吴洋', 0, '人工智能与计算机', '计算机科学与技术', 10, '2023-05-22 11:02:38', '2023-05-22 11:12:26', 1, 0, 2);
INSERT INTO `card` VALUES ('6906', '谢强', 0, '人工智能与计算机', '人工智能', 10, '2023-05-21 18:55:04', '2023-05-22 11:12:27', 1, 0, 2);
INSERT INTO `card` VALUES ('6911', '郑敏', 0, '人工智能与计算机', '数字媒体技术', 10, '2023-05-21 18:55:04', '2023-05-22 11:12:27', 1, 0, 2);
INSERT INTO `card` VALUES ('7482', '曹杰', 0, '人工智能与计算机', '数字媒体技术', 10, '2023-05-22 11:02:38', '2023-05-22 11:12:25', 1, 0, 1);
INSERT INTO `card` VALUES ('7638', '杜军', 0, '人工智能与计算机', '计算机科学与技术', 10, '2023-05-21 18:55:04', '2023-05-22 11:12:08', 1, 0, 1);
INSERT INTO `card` VALUES ('8230', '阎强', 0, '人工智能与计算机', '数字媒体技术', 10, '2023-05-21 18:55:04', '2023-05-22 11:12:27', 1, 0, 1);
INSERT INTO `card` VALUES ('8399', '常艳', 0, '人工智能与计算机', '数字媒体技术', 10, '2023-05-22 11:02:38', '2023-05-22 11:12:23', 1, 0, 1);
INSERT INTO `card` VALUES ('8770', '罗娟', 0, '人工智能与计算机', '人工智能', 10, '2023-05-21 18:55:04', '2023-05-22 10:57:25', 1, 0, 1);
INSERT INTO `card` VALUES ('8994', '石超', 0, '人工智能与计算机', '人工智能', 10, '2023-05-22 11:02:38', '2023-05-22 11:12:26', 1, 0, 3);
INSERT INTO `card` VALUES ('9042', '戴丽', 0, '人工智能与计算机', '数字媒体技术', 10, '2023-05-21 18:56:57', '2023-05-21 18:56:57', 1, 1, 0);
INSERT INTO `card` VALUES ('9070', '蒋涛', 0, '人工智能与计算机', '数字媒体技术', 10, '2023-05-21 22:09:21', '2023-05-22 10:57:25', 1, 0, 1);
INSERT INTO `card` VALUES ('9212', '邵秀英', 0, '人工智能与计算机', '人工智能', 10, '2023-05-21 22:52:32', '2023-05-22 11:12:27', 1, 0, 3);
INSERT INTO `card` VALUES ('9286', '蒋艳', 0, '人工智能与计算机', '数字媒体技术', 10, '2023-05-21 22:11:57', '2023-05-22 11:12:25', 1, 0, 3);
INSERT INTO `card` VALUES ('9297', '石桂英', 0, '人工智能与计算机', '数字媒体技术', 10, '2023-05-22 11:02:38', '2023-05-22 11:12:27', 1, 0, 4);
INSERT INTO `card` VALUES ('9454', '夏勇', 0, '人工智能与计算机', '数字媒体技术', 10, '2023-05-21 18:56:57', '2023-05-22 11:12:27', 1, 0, 1);
INSERT INTO `card` VALUES ('9543', '崔平', 0, '人工智能与计算机', '数字媒体技术', 10, '2023-05-22 11:02:38', '2023-05-22 11:12:25', 1, 0, 1);
INSERT INTO `card` VALUES ('9560', '胡秀兰', 0, '人工智能与计算机', '数字媒体技术', 10, '2023-05-22 19:04:52', '2023-05-22 19:04:52', 1, 0, 0);
INSERT INTO `card` VALUES ('9996', '卢丽', 0, '人工智能与计算机', '数字媒体技术', 10, '2023-05-21 18:55:04', '2023-05-22 11:12:08', 1, 0, 2);

-- ----------------------------
-- Table structure for user
-- ----------------------------
DROP TABLE IF EXISTS `user`;
CREATE TABLE `user`  (
  `id` bigint NOT NULL,
  `sna` varchar(255) CHARACTER SET utf8mb4 COLLATE utf8mb4_0900_ai_ci NULL DEFAULT NULL,
  `pwd` varchar(255) CHARACTER SET utf8mb4 COLLATE utf8mb4_0900_ai_ci NULL DEFAULT NULL,
  `type` int NULL DEFAULT NULL COMMENT '是否为管理员，0为管理，1为普通学生',
  `sde` varchar(255) CHARACTER SET utf8mb4 COLLATE utf8mb4_0900_ai_ci NULL DEFAULT NULL,
  `ssp` varchar(255) CHARACTER SET utf8mb4 COLLATE utf8mb4_0900_ai_ci NULL DEFAULT NULL,
  `sup` int NULL DEFAULT NULL,
  `sno` varchar(255) CHARACTER SET utf8mb4 COLLATE utf8mb4_0900_ai_ci NULL DEFAULT NULL,
  `createTime` datetime NULL DEFAULT NULL,
  `updateTime` datetime NULL DEFAULT NULL,
  `version` int NULL DEFAULT NULL,
  `delete` int NULL DEFAULT NULL,
  PRIMARY KEY (`id`) USING BTREE
) ENGINE = InnoDB CHARACTER SET = utf8mb4 COLLATE = utf8mb4_0900_ai_ci ROW_FORMAT = Dynamic;

-- ----------------------------
-- Records of user
-- ----------------------------
INSERT INTO `user` VALUES (1659795343048544257, '蒋涛', '123456', 0, '人工智能与计算机', '数字媒体技术', 10, '1968', '2023-05-20 13:37:02', '2023-05-21 22:11:22', 1, 0);
INSERT INTO `user` VALUES (1659795343111458817, '邵秀英', '123456', 0, '人工智能与计算机', '人工智能', 10, '9212', '2023-05-20 13:37:02', '2023-05-21 22:52:32', 1, 0);
INSERT INTO `user` VALUES (1659795343111458818, '杜秀兰', '123456', 1, '人工智能与计算机', '数字媒体技术', 10, '0', '2023-05-20 13:37:02', '2023-05-20 13:37:02', 1, 0);
INSERT INTO `user` VALUES (1659795343174373377, '胡秀兰', '123456', 0, '人工智能与计算机', '数字媒体技术', 10, '9560', '2023-05-20 13:37:02', '2023-05-22 19:04:52', 1, 0);
INSERT INTO `user` VALUES (1659795343174373378, '余刚', '123456', 1, '人工智能与计算机', '数字媒体技术', 10, '0', '2023-05-20 13:37:02', '2023-05-20 13:37:02', 1, 0);
INSERT INTO `user` VALUES (1659795343241482242, '陈勇', '123456', 1, '人工智能与计算机', '人工智能', 10, '0', '2023-05-20 13:37:02', '2023-05-20 13:37:02', 1, 0);
INSERT INTO `user` VALUES (1659795343241482243, '徐刚', '123456', 1, '人工智能与计算机', '人工智能', 10, '0', '2023-05-20 13:37:02', '2023-05-20 13:37:02', 1, 0);
INSERT INTO `user` VALUES (1659795343241482244, '阎洋', '123456', 1, '人工智能与计算机', '计算机科学与技术', 10, '0', '2023-05-20 13:37:02', '2023-05-20 13:37:02', 1, 0);
INSERT INTO `user` VALUES (1659795343300202497, '徐丽', '123456', 1, '人工智能与计算机', '数字媒体技术', 10, '0', '2023-05-20 13:37:02', '2023-05-20 13:37:02', 1, 0);
INSERT INTO `user` VALUES (1659795343300202498, '蒋伟', '123456', 0, '人工智能与计算机', '数字媒体技术', 10, '0006', '2023-05-20 13:37:02', '2023-05-21 22:11:34', 1, 0);
INSERT INTO `user` VALUES (1659795343367311362, '毛勇', '123456', 1, '人工智能与计算机', '计算机科学与技术', 10, '0', '2023-05-20 13:37:02', '2023-05-20 13:37:02', 1, 0);
INSERT INTO `user` VALUES (1659795343367311363, '邹霞', '123456', 1, '人工智能与计算机', '数字媒体技术', 10, '0', '2023-05-20 13:37:02', '2023-05-20 13:37:02', 1, 0);
INSERT INTO `user` VALUES (1659795343430225921, '李秀英', '123456', 1, '人工智能与计算机', '数字媒体技术', 10, '0', '2023-05-20 13:37:02', '2023-05-20 13:37:02', 1, 0);
INSERT INTO `user` VALUES (1659795343430225922, '贺静', '123456', 1, '人工智能与计算机', '数字媒体技术', 10, '0', '2023-05-20 13:37:02', '2023-05-20 13:37:02', 1, 0);
INSERT INTO `user` VALUES (1659795343497334786, '徐军', '123456', 1, '人工智能与计算机', '数字媒体技术', 10, '0', '2023-05-20 13:37:02', '2023-05-20 13:37:02', 1, 0);
INSERT INTO `user` VALUES (1659795343497334787, '郝涛', '123456', 1, '人工智能与计算机', '计算机科学与技术', 10, '0', '2023-05-20 13:37:02', '2023-05-20 13:37:02', 1, 0);
INSERT INTO `user` VALUES (1659795343560249346, '蒋艳', '123456', 0, '人工智能与计算机', '数字媒体技术', 10, '9286', '2023-05-20 13:37:02', '2023-05-21 22:11:57', 1, 0);
INSERT INTO `user` VALUES (1659795343560249347, '韩敏', '123456', 1, '人工智能与计算机', '计算机科学与技术', 10, '0', '2023-05-20 13:37:02', '2023-05-20 13:37:02', 1, 0);
INSERT INTO `user` VALUES (1659795343623163906, '江秀英', '123456', 1, '人工智能与计算机', '数字媒体技术', 10, '0', '2023-05-20 13:37:02', '2023-05-20 13:37:02', 1, 0);
INSERT INTO `user` VALUES (1659795343690272769, '陆强', '123456', 1, '人工智能与计算机', '数字媒体技术', 10, '0', '2023-05-20 13:37:02', '2023-05-20 13:37:02', 1, 0);
INSERT INTO `user` VALUES (1659795343690272770, '郭军', '123456', 1, '人工智能与计算机', '数字媒体技术', 10, '0', '2023-05-20 13:37:02', '2023-05-20 13:37:02', 1, 0);
INSERT INTO `user` VALUES (1659795343690272771, '赵芳', '123456', 1, '人工智能与计算机', '计算机科学与技术', 10, '0', '2023-05-20 13:37:02', '2023-05-20 13:37:02', 1, 0);
INSERT INTO `user` VALUES (1659795343753187330, '康明', '123456', 1, '人工智能与计算机', '数字媒体技术', 10, '0', '2023-05-20 13:37:02', '2023-05-20 13:37:02', 1, 0);
INSERT INTO `user` VALUES (1659795343753187331, '赵娟', '123456', 1, '人工智能与计算机', '人工智能', 10, '0', '2023-05-20 13:37:02', '2023-05-20 13:37:02', 1, 0);
INSERT INTO `user` VALUES (1659795343816101890, '苏秀兰', '123456', 1, '人工智能与计算机', '数字媒体技术', 10, '0', '2023-05-20 13:37:02', '2023-05-20 13:37:02', 1, 0);
INSERT INTO `user` VALUES (1659795343883210754, '毛霞', '123456', 1, '人工智能与计算机', '数字媒体技术', 10, '0', '2023-05-20 13:37:02', '2023-05-20 13:37:02', 1, 0);
INSERT INTO `user` VALUES (1659795343883210755, '郑娜', '123456', 0, '人工智能与计算机', '数字媒体技术', 10, '6383', '2023-05-20 13:37:02', '2023-05-21 22:12:52', 1, 0);
INSERT INTO `user` VALUES (1659795343883210756, '魏丽', '123456', 1, '人工智能与计算机', '数字媒体技术', 10, '0', '2023-05-20 13:37:02', '2023-05-20 13:37:02', 1, 0);
INSERT INTO `user` VALUES (1659795343946125313, '邱超', '123456', 1, '人工智能与计算机', '人工智能', 10, '0', '2023-05-20 13:37:02', '2023-05-20 13:37:02', 1, 0);
INSERT INTO `user` VALUES (1659795344013234178, '冯秀兰', '123456', 1, '人工智能与计算机', '数字媒体技术', 10, '0', '2023-05-20 13:37:02', '2023-05-20 13:37:02', 1, 0);
INSERT INTO `user` VALUES (1659795344013234179, '蔡霞', '123456', 1, '人工智能与计算机', '数字媒体技术', 10, '0', '2023-05-20 13:37:02', '2023-05-20 13:37:02', 1, 0);
INSERT INTO `user` VALUES (1659795344013234180, '汤平', '123456', 1, '人工智能与计算机', '人工智能', 10, '0', '2023-05-20 13:37:02', '2023-05-20 13:37:02', 1, 0);
INSERT INTO `user` VALUES (1659795344080343042, '任娟', '123456', 1, '人工智能与计算机', '计算机科学与技术', 10, '0', '2023-05-20 13:37:02', '2023-05-20 13:37:02', 1, 0);
INSERT INTO `user` VALUES (1659795344080343043, '傅霞', '123456', 1, '人工智能与计算机', '计算机科学与技术', 10, '0', '2023-05-20 13:37:02', '2023-05-20 13:37:02', 1, 0);
INSERT INTO `user` VALUES (1659795344143257602, '胡敏', '123456', 1, '人工智能与计算机', '计算机科学与技术', 10, '0', '2023-05-20 13:37:02', '2023-05-20 13:37:02', 1, 0);
INSERT INTO `user` VALUES (1659795344143257603, '史敏', '123456', 1, '人工智能与计算机', '数字媒体技术', 10, '0', '2023-05-20 13:37:02', '2023-05-20 13:37:02', 1, 0);
INSERT INTO `user` VALUES (1659795344210366465, '彭平', '123456', 1, '人工智能与计算机', '数字媒体技术', 10, '0', '2023-05-20 13:37:02', '2023-05-20 13:37:02', 1, 0);
INSERT INTO `user` VALUES (1659795344210366466, '李芳', '123456', 1, '人工智能与计算机', '数字媒体技术', 10, '0', '2023-05-20 13:37:02', '2023-05-20 13:37:02', 1, 0);
INSERT INTO `user` VALUES (1659795344273281025, '任勇', '123456', 1, '人工智能与计算机', '人工智能', 10, '0', '2023-05-20 13:37:02', '2023-05-20 13:37:02', 1, 0);
INSERT INTO `user` VALUES (1659795344273281026, '李丽', '123456', 1, '人工智能与计算机', '数字媒体技术', 10, '0', '2023-05-20 13:37:02', '2023-05-20 13:37:02', 1, 0);
INSERT INTO `user` VALUES (1660237767226970113, '卢丽', '123456', 1, '人工智能与计算机', '数字媒体技术', 10, '9996', '2023-05-21 18:55:04', '2023-05-21 18:55:04', 1, 0);
INSERT INTO `user` VALUES (1660237767289884674, '袁伟', '123456', 1, '人工智能与计算机', '计算机科学与技术', 10, '0247', '2023-05-21 18:55:04', '2023-05-21 18:55:04', 1, 0);
INSERT INTO `user` VALUES (1660237767356993538, '何娟', '123456', 1, '人工智能与计算机', '数字媒体技术', 10, '4490', '2023-05-21 18:55:04', '2023-05-21 18:55:04', 1, 0);
INSERT INTO `user` VALUES (1660237767419908098, '郑敏', '123456', 1, '人工智能与计算机', '数字媒体技术', 10, '6911', '2023-05-21 18:55:04', '2023-05-21 18:55:04', 1, 0);
INSERT INTO `user` VALUES (1660237767419908099, '谢强', '123456', 1, '人工智能与计算机', '人工智能', 10, '6906', '2023-05-21 18:55:04', '2023-05-21 18:55:04', 1, 0);
INSERT INTO `user` VALUES (1660237767487016962, '杜军', '123456', 1, '人工智能与计算机', '计算机科学与技术', 10, '7638', '2023-05-21 18:55:04', '2023-05-21 18:55:04', 1, 0);
INSERT INTO `user` VALUES (1660237767549931522, '赖秀兰', '123456', 1, '人工智能与计算机', '人工智能', 10, '0791', '2023-05-21 18:55:04', '2023-05-21 18:55:04', 1, 0);
INSERT INTO `user` VALUES (1660237767549931523, '蒋平', '123456', 1, '人工智能与计算机', '人工智能', 10, '1771', '2023-05-21 18:55:04', '2023-05-21 18:55:04', 1, 0);
INSERT INTO `user` VALUES (1660237767617040386, '罗娟', '123456', 1, '人工智能与计算机', '人工智能', 10, '8770', '2023-05-21 18:55:04', '2023-05-21 18:55:04', 1, 0);
INSERT INTO `user` VALUES (1660237767684149249, '阎强', '123456', 1, '人工智能与计算机', '数字媒体技术', 10, '8230', '2023-05-21 18:55:04', '2023-05-21 18:55:04', 1, 0);
INSERT INTO `user` VALUES (1660238242433224706, '崔静', '123456', 1, '人工智能与计算机', '数字媒体技术', 10, '5633', '2023-05-21 18:56:57', '2023-05-21 18:56:57', 1, 0);
INSERT INTO `user` VALUES (1660238242433224707, '谢丽', '123456', 1, '人工智能与计算机', '计算机科学与技术', 10, '0635', '2023-05-21 18:56:57', '2023-05-21 18:56:57', 1, 0);
INSERT INTO `user` VALUES (1660238242496139266, '潘敏', '123456', 1, '人工智能与计算机', '数字媒体技术', 10, '1047', '2023-05-21 18:56:57', '2023-05-21 18:56:57', 1, 0);
INSERT INTO `user` VALUES (1660238242559053825, '段娜', '123456', 1, '人工智能与计算机', '计算机科学与技术', 10, '0433', '2023-05-21 18:56:57', '2023-05-21 18:56:57', 1, 0);
INSERT INTO `user` VALUES (1660238242559053826, '黄军', '123456', 1, '人工智能与计算机', '计算机科学与技术', 10, '1351', '2023-05-21 18:56:57', '2023-05-21 18:56:57', 1, 0);
INSERT INTO `user` VALUES (1660238242621968386, '夏勇', '123456', 1, '人工智能与计算机', '数字媒体技术', 10, '9454', '2023-05-21 18:56:57', '2023-05-21 18:56:57', 1, 0);
INSERT INTO `user` VALUES (1660238242621968387, '石秀兰', '123456', 1, '人工智能与计算机', '人工智能', 10, '4620', '2023-05-21 18:56:57', '2023-05-21 18:56:57', 1, 0);
INSERT INTO `user` VALUES (1660238242689077250, '黄明', '123456', 1, '人工智能与计算机', '计算机科学与技术', 10, '2243', '2023-05-21 18:56:57', '2023-05-21 18:56:57', 1, 0);
INSERT INTO `user` VALUES (1660238242756186114, '汪秀兰', '123456', 1, '人工智能与计算机', '计算机科学与技术', 10, '3555', '2023-05-21 18:56:57', '2023-05-21 18:56:57', 1, 0);
INSERT INTO `user` VALUES (1660238242756186115, '戴丽', '123456', 1, '人工智能与计算机', '数字媒体技术', 10, '9042', '2023-05-21 18:56:57', '2023-05-21 18:56:57', 1, 0);
INSERT INTO `user` VALUES (1660481263393308673, '常艳', '123456', 1, '人工智能与计算机', '数字媒体技术', 10, '8399', '2023-05-22 11:02:38', '2023-05-22 11:02:38', 1, 0);
INSERT INTO `user` VALUES (1660481263460417538, '石超', '123456', 1, '人工智能与计算机', '人工智能', 10, '8994', '2023-05-22 11:02:38', '2023-05-22 11:02:38', 1, 0);
INSERT INTO `user` VALUES (1660481263527526401, '吴洋', '123456', 1, '人工智能与计算机', '计算机科学与技术', 10, '6717', '2023-05-22 11:02:38', '2023-05-22 11:02:38', 1, 0);
INSERT INTO `user` VALUES (1660481263594635265, '崔平', '123456', 1, '人工智能与计算机', '数字媒体技术', 10, '9543', '2023-05-22 11:02:38', '2023-05-22 11:02:38', 1, 0);
INSERT INTO `user` VALUES (1660481263661744129, '阎伟', '123456', 1, '人工智能与计算机', '人工智能', 10, '2074', '2023-05-22 11:02:38', '2023-05-22 11:02:38', 1, 0);
INSERT INTO `user` VALUES (1660481263728852993, '宋磊', '123456', 1, '人工智能与计算机', '数字媒体技术', 10, '3238', '2023-05-22 11:02:38', '2023-05-22 11:02:38', 1, 0);
INSERT INTO `user` VALUES (1660481263795961857, '潘丽', '123456', 1, '人工智能与计算机', '数字媒体技术', 10, '4565', '2023-05-22 11:02:38', '2023-05-22 11:02:38', 1, 0);
INSERT INTO `user` VALUES (1660481263863070722, '石桂英', '123456', 1, '人工智能与计算机', '数字媒体技术', 10, '9297', '2023-05-22 11:02:38', '2023-05-22 11:02:38', 1, 0);
INSERT INTO `user` VALUES (1660481263993094145, '余丽', '123456', 1, '人工智能与计算机', '人工智能', 10, '0237', '2023-05-22 11:02:38', '2023-05-22 11:02:38', 1, 0);
INSERT INTO `user` VALUES (1660481264127311874, '曹杰', '123456', 1, '人工智能与计算机', '数字媒体技术', 10, '7482', '2023-05-22 11:02:38', '2023-05-22 11:02:38', 1, 0);

SET FOREIGN_KEY_CHECKS = 1;
